<?xml version="1.0"?>
<SL_StatusEffect xmlns:xsd="http://www.w3.org/2001/XMLSchema" xmlns:xsi="http://www.w3.org/2001/XMLSchema-instance">
  <TargetStatusIdentifier>Stealth Up</TargetStatusIdentifier>
  <NewStatusID>-1</NewStatusID>
  <StatusIdentifier>Stealth Up II</StatusIdentifier>
  <Name>Stealth Up II</Name>
  <Description>Stealth increased by 100%</Description>
  <Lifespan>600</Lifespan>
  <RefreshRate>0.1</RefreshRate>
  <Purgeable>true</Purgeable>
  <Priority>1</Priority>
  <IgnoreBarrier>false</IgnoreBarrier>
  <BuildupRecoverySpeed>3</BuildupRecoverySpeed>
  <IgnoreBuildupIfApplied>false</IgnoreBuildupIfApplied>
  <AmplifiedStatusIdentifier />
  <RemoveRequiredStatus>false</RemoveRequiredStatus>
  <NormalizeDamageDisplay>false</NormalizeDamageDisplay>
  <DisplayedInHUD>true</DisplayedInHUD>
  <IsHidden>false</IsHidden>
  <IsMalusEffect>false</IsMalusEffect>
  <DelayedDestroyTime>0</DelayedDestroyTime>
  <ActionOnHit>None</ActionOnHit>
  <FamilyMode>Bind</FamilyMode>
  <BindFamily>
    <UID>bnYttn-PD0ucDvQhoiAuZw</UID>
    <Name>Stealth Up</Name>
    <StackBehaviour>Override</StackBehaviour>
    <MaxStackCount>-1</MaxStackCount>
    <LengthType>Short</LengthType>
  </BindFamily>
  <PlayFXOnActivation>true</PlayFXOnActivation>
  <FXOffset>
    <x>0</x>
    <y>0</y>
    <z>0</z>
  </FXOffset>
  <VFXInstantiationType>None</VFXInstantiationType>
  <VFXPrefab xsi:nil="true" />
  <SpecialSFX>NONE</SpecialSFX>
  <PlaySpecialFXOnStop>false</PlaySpecialFXOnStop>
  <EffectBehaviour>Destroy</EffectBehaviour>
  <Effects>
    <SL_EffectTransform>
      <TransformName>ActivationEffects</TransformName>
      <Position xsi:nil="true" />
      <Rotation xsi:nil="true" />
      <Scale xsi:nil="true" />
      <Effects>
        <SL_Effect xsi:type="SL_AffectStat">
          <Delay>0</Delay>
          <SyncType>OwnerSync</SyncType>
          <OverrideCategory>None</OverrideCategory>
          <Stat_Tag>Detectability</Stat_Tag>
          <AffectQuantity>-90</AffectQuantity>
          <IsModifier>false</IsModifier>
          <Tags />
          <Duration>-1</Duration>
        </SL_Effect>
        <SL_Effect xsi:type="SL_AffectStat">
          <Delay>0</Delay>
          <SyncType>OwnerSync</SyncType>
          <OverrideCategory>None</OverrideCategory>
          <Stat_Tag>VisualDetectability</Stat_Tag>
          <AffectQuantity>-90</AffectQuantity>
          <IsModifier>false</IsModifier>
          <Tags />
          <Duration>-1</Duration>
        </SL_Effect>
      </Effects>
      <EffectConditions />
      <ChildEffects />
    </SL_EffectTransform>
  </Effects>
</SL_StatusEffect>