<?xml version="1.0"?>
<SL_Recipe xmlns:xsd="http://www.w3.org/2001/XMLSchema" xmlns:xsi="http://www.w3.org/2001/XMLSchema-instance">
  <UID>sylvia-moonfish-greater-stealth-potion</UID>
  <StationType>Alchemy</StationType>
  <Ingredients>
    <Ingredient>
      <Type>AddGenericIngredient</Type>
      <SelectorValue>Water</SelectorValue>
      <Ingredient_ItemID xsi:nil="true" />
    </Ingredient>
    <Ingredient>
      <Type>AddSpecificIngredient</Type>
      <SelectorValue>6000070</SelectorValue>
      <Ingredient_ItemID xsi:nil="true" />
    </Ingredient>
  </Ingredients>
  <Results>
    <ItemQty>
      <ItemID>-12345</ItemID>
      <Quantity>3</Quantity>
    </ItemQty>
  </Results>
</SL_Recipe>